{
    "intrinsic_parameters": {
        "focal_length": [
            955.983130942084,
            956.7749752185975
        ],
        "skew": 0.0,
        "principal_point": [
            368.8820613141149,
            648.8286752606324
        ]
    },
    "extrinsic_parameters": [
        {
            "image_id": 1,
            "rotation_matrix": [
                [
                    0.9969698943534995,
                    0.013891168316436543,
                    -0.07653799837712313
                ],
                [
                    -0.024991300509346077,
                    0.9889627428309221,
                    -0.14604152899497794
                ],
                [
                    0.07366454134536937,
                    0.14751179185117322,
                    0.9863132396015134
                ]
            ],
            "translation_vector": [
                -3.935399618357528,
                -3.577326002706815,
                14.655601738140733
            ]
        },
        {
            "image_id": 2,
            "rotation_matrix": [
                [
                    0.9982898897169301,
                    0.05396736434820346,
                    -0.02246819250112727
                ],
                [
                    -0.05074303664734075,
                    0.9908184938128644,
                    0.12531502922719873
                ],
                [
                    0.029024822493274392,
                    -0.1239606223916099,
                    0.9918625528648204
                ]
            ],
            "translation_vector": [
                -4.369044993424965,
                -1.4169513934305762,
                15.812214386145078
            ]
        }
    ],
    "radial_distortion_coefficients": [
        0.2156535127267817,
        -1.0390456869432543,
        1.5863503096888527
    ],
    "reprojection_errors": {
        "mean_error": 0.07498802315303951,
        "std_dev": 0.023956747838967504
    }
}