{
    "intrinsic_parameters": {
        "focal_length": [
            3153.927457499056,
            3147.9642924899895
        ],
        "skew": 0.0,
        "principal_point": [
            1113.3306464801728,
            1870.5290098523756
        ]
    },
    "extrinsic_parameters": [
        {
            "image_id": 1,
            "rotation_matrix": [
                [
                    0.00033206511931547014,
                    -0.9572235274851596,
                    -0.28934928401781873
                ],
                [
                    0.999526900111933,
                    -0.008581207597110507,
                    0.029535382658859383
                ],
                [
                    -0.030754929448569557,
                    -0.28922220057430426,
                    0.9567678156217266
                ]
            ],
            "translation_vector": [
                2.4877171841211405,
                -3.6278508813340853,
                16.20459226342138
            ]
        },
        {
            "image_id": 2,
            "rotation_matrix": [
                [
                    0.6520099211795375,
                    -0.6153727683323558,
                    -0.44294403560543183
                ],
                [
                    0.6874557904483605,
                    0.7262200034864259,
                    0.003007110772033972
                ],
                [
                    0.3198243250011997,
                    -0.3064651081789709,
                    0.8965442201065035
                ]
            ],
            "translation_vector": [
                0.4973557680468367,
                -3.0121593431526206,
                16.826586251445832
            ]
        }
    ],
    "radial_distortion_coefficients": [
        0.125991394128843,
        -1.236618736915827,
        1.1006754269664025
    ],
    "reprojection_errors": {
        "mean_error": 0.24485286161517938,
        "std_dev": 0.18316229263055397
    }
}